<BitmapSet>
	<ExtraInfo ballsize="128" />
	<Bitmap name="3ball_bitmapset" filespec="pkg:/assets/3ballset.png">
		<Region name="r1" x="0" y="0" w="128" h="128" />
		<Region name="r2" x="128" y="0" w="128" h="128" />
		<Region name="r3" x="256" y="0" w="128" h="128" />
		<Region name="r4" x="384" y="0" w="128" h="128" />
	</Bitmap>	
	<Bitmap name="background" filespec="pkg:/assets/desert_BG.png" />
	<Bitmap name="hero" filespec="pkg:/assets/walk_sheet.png">
		<Region name="r1" x="0" y="0" w="64" h="128" />
		<Region name="r2" x="64" y="0" w="64" h="128" />
		<Region name="r3" x="128" y="0" w="64" h="128" />
		<Region name="r4" x="184" y="128" w="64" h="128" />
	</Bitmap>	
	<Animation name="animated_3ball">
		<frame use="3ball_bitmapset.r1" />
		<frame use="3ball_bitmapset.r2" />
		<frame use="3ball_bitmapset.r3" />
		<frame use="3ball_bitmapset.r4" />		
	</Animation>
	<Animation name="hero_anim">
		<frame use="hero.r1" />
		<frame use="hero.r2" />
		<frame use="hero.r3" />
		<frame use="hero.r4" />		
	</Animation>
</BitmapSet>

