<BitmapSet>
	<ExtraInfo idle_speed = "2" />
	<Bitmap name="coin_pink_anim" filespec="pkg:/assets/coin_pink_anim.png">
		<Region name="r1" x="0" y="0" w="64" h="64" />
		<Region name="r2" x="64" y="0" w="64" h="64" />
		<Region name="r3" x="128" y="0" w="64" h="64" />
		<Region name="r4" x="192" y="0" w="64" h="64" />
	</Bitmap>
	<Animation name="idle">
		<frame use="coin_pink_anim.r1" />
		<frame use="coin_pink_anim.r2" />
		<frame use="coin_pink_anim.r3" />
		<frame use="coin_pink_anim.r4" />
	</Animation>
</BitmapSet>