<BitmapSet>
	<ExtraInfo idle_speed = "1" idle2_speed = "2" />
	<Bitmap name="menu_background" filespec="pkg:/assets/Menu01.png" />
	<Bitmap name="game_text" filespec="pkg:/assets/GameText.png">
		<Region name="r1" x="0" y="0" w="370" h="95" />
		<Region name="r2" x="0" y="96" w="292" h="100" />
		<Region name="r3" x="0" y="209" w="663" h="93" />
		<Region name="r4" x="269" y="310" w="313" h="96" />
		<Region name="r5" x="0" y="413" w="337" h="95" />
		<Region name="r6" x="0" y="310" w="581" h="97" />
	</Bitmap>
	<Bitmap name="numbers" filespec="pkg:/assets/Numbers.png">
		<Region name="r0" x="0" y="0" w="64" h="84" />
		<Region name="r1" x="64" y="0" w="64" h="84" />
		<Region name="r2" x="128" y="0" w="64" h="84" />
		<Region name="r3" x="192" y="0" w="64" h="84" />
		<Region name="r4" x="256" y="0" w="64" h="84" />
		<Region name="r5" x="320" y="0" w="64" h="84" />
		<Region name="r6" x="384" y="0" w="64" h="84" />
		<Region name="r7" x="448" y="0" w="64" h="84" />
		<Region name="r8" x="512" y="0" w="64" h="84" />
		<Region name="r9" x="576" y="0" w="64" h="84" />
	</Bitmap>
	<Animation name="round">
		<frame use="game_text.r1" />
	</Animation>
	<Animation name="game_over">
		<frame use="game_text.r3" />
	</Animation>
	<Animation name="win">
		<frame use="game_text.r5" />
	</Animation>
	<Animation name="score">
		<frame use="game_text.r4" />
	</Animation>
	<Animation name="best_score">
		<frame use="game_text.r6" />
	</Animation>
	<Animation name="numbers_anim">
		<frame use="numbers.r0" />
		<frame use="numbers.r1" />
		<frame use="numbers.r2" />
		<frame use="numbers.r3" />
		<frame use="numbers.r4" />
		<frame use="numbers.r5" />
		<frame use="numbers.r6" />
		<frame use="numbers.r7" />
		<frame use="numbers.r8" />
		<frame use="numbers.r9" />
	</Animation>
</BitmapSet>