{
	"type" : "level",
	"objs": [
		{
			"type"      : "staticSprite",
			"filename"  : "pkg:/assets/levelSkins/levelSkin01.json",
			"position"  : {"x": 0, "y": 0},
			"order"     : 0
		},
		{
			"type"      : "staticSprite",
			"filename"  : "pkg:/assets/ui/gameStaticUI.json",
			"position"  : {"x": 0, "y": 0},
			"order"     : 1
		},
		{
			"type"      : "sprite",
			"filename"  : "pkg:/assets/gameObjects/player.json",
			"order"     : 2,
			"override"    : "player",
			"position"  : {"x": 500.0, "y": 670.0}
		},
		{
			"type"      : "sprite",
			"filename"  : "pkg:/assets/gameObjects/ball.json",
			"order"     : 3,
			"override"    : "ball"
		},
		{
			"type"		: "staticSprite",
			"filename"	: "pkg:/assets/gameObjects/staticCollisionBox.json",
			"position"  : {"x": 0.0, "y": 350.0},
			"scale"     : {"x": 125.0, "y": 800.0},
			"order"     : 10000,
			"override"    : "staticCollisionBox"
		},
		{
			"type"			: "staticSprite",
			"filename"	: "pkg:/assets/gameObjects/staticCollisionBox.json",
			"position"  : {"x": 929.0, "y": 350.0},
			"scale"     : {"x": 70.0, "y": 800.0},
			"order"     : 10000,
			"override"    : "staticCollisionBox"
		},
		{
			"type"			: "staticSprite",
			"filename"	: "pkg:/assets/gameObjects/staticCollisionBox.json",
			"position"  : {"x": 480.0, "y": -10.0},
			"scale"     : {"x": 850.0, "y": 90.0},
			"order"     : 10000,
			"override"    : "staticCollisionBox"
		},	
		{
			"type"			: "staticSprite",
			"filename"	: "pkg:/assets/gameObjects/staticCollisionBox.json",
			"position"  : {"x": 480.0, "y": 750.0},
			"scale"     : {"x": 850.0, "y": 90.0},
			"order"     : 10000,
			"override"    : "staticCollisionBox"
		},	
		{
			"type"			: "staticSprite",
			"filename"	: "pkg:/assets/gameObjects/playerDebugAABB.json",
			"order"     : 10000,
			"override"    : "playerDebugAABB"
		},
		{
			"type"		: "bricks",
			"filename"	: "",
			"order"     : 0,
			"bricks"	: [
				"1112223334445",
				"1           1",
				"1           1",
				"1           1",
				"1           1",
				"1           1",
				"1           1",
				"1111111111111",
				"1111111111111",
				"1111111111111",
				"1112111111111",
				"1111111111111",
				"1111111111111",
				"1111111111111"
			]
		},
		{
			"type"      : "fpsCounter",
			"filename"  : " ",
			"order"     : 10
		}		
	]
}