{
	"type" : "staticSprite",
	"filenames": {
		"borderCL": "pkg:/assets/gameLevel_BorderCL.png",
		"borderCR": "pkg:/assets/gameLevel_BorderCR.png",
		"borderH": "pkg:/assets/gameLevel_BorderH.png",
		"borderL": "pkg:/assets/gameLevel_BorderL.png",
		"borderR": "pkg:/assets/gameLevel_BorderR.png"
	},
	"tiles" : {
		"borderCL" : {
			"bitmap" : "borderCL",
			"position" : {
				"x" : 9,
				"y" : 31
			},
			"localOffset" : {
				"x" : -0.5,
				"y" : 0
			}
		},
		"borderCR" : {
			"bitmap" : "borderCR",
			"position" : {
				"x" : 851,
				"y" : 31
			},
			"localOffset" : {
				"x" : -0.5,
				"y" : 0
			}
		},
		"borderH" : {
			"bitmap" : "borderH",
			"position" : {
				"x" : 107,
				"y" : 15
			},
			"localOffset" : {
				"x" : -0.5,
				"y" : 0
			}
		},
		"borderL" : {
			"bitmap" : "borderL",
			"position" : {
				"x" : 7,
				"y" : 0
			},
			"localOffset" : {
				"x" : -0.5,
				"y" : -0.5
			}
		},
		"borderR" : {
			"bitmap" : "borderR",
			"position" : {
				"x" : 881,
				"y" : 0
			},
			"localOffset" : {
				"x" : -0.5,
				"y" : -0.5
			}
		}
	}
}