{
	"type" : "sprite",
	"position" : {
		"x" : 100,
		"y" : 100
	},
	"bitmaps": {
		"ball": {
			"filename": "pkg:/assets/ballAnim.png",
			"regions": {
				"r1": {
					"offset": {
						"x": 0,
						"y": 0
					},
					"size": {
						"x": 32,
						"y": 32
					}
				},
				"r2": {
					"offset": {
						"x": 32,
						"y": 0
					},
					"size": {
						"x": 32,
						"y": 32
					}
				},
				"r3": {
					"offset": {
						"x": 0,
						"y": 32
					},
					"size": {
						"x": 32,
						"y": 32
					}
				},
				"r4": {
					"offset": {
						"x": 32,
						"y": 32
					},
					"size": {
						"x": 32,
						"y": 32
					}
				}
			}
		}
	},
	"animations": {
		"idle" : {
			"speed" : 4,
			"frames" : [
				"ball.r1",
				"ball.r2",
				"ball.r3",
				"ball.r4"
			]
		}
	}
}